InputSetName,A1,A2
INVAR-1,1,1
INVAR-2,2,2
INVAR-3,3,3
INVAR-4,4,4
INVAR-5,5,5
INVAR-6,6,6
INVAR-7,7,7
INVAR-8,8,8
INVAR-9,9,9
INVAR-10,13,13
INVAR-11,14,14
INVAR-12,15,15
INVAR-13,16,16
INVAR-14,17,17
INVAR-15,18,18
INVAR-16,19,19
INVAR-17,20,20
INVAR-18,21,21
INVAR-19,25,25
INVAR-20,26,26
INVAR-21,27,27
INVAR-22,28,28
INVAR-23,29,29
INVAR-24,30,30
INVAR-25,31,31
INVAR-26,38,38
INVAR-27,39,39
INVAR-28,40,40
